name,job
Candice Turner,Banker
Keith Flores,Designer
Jason Collins,Pilot
Jimmy Lawson,Barista
Ms. Crystal Travis,Office manager
William Gibson,Dancer
Amanda Greene,Office manager
Andrew Ward,Dancer
Jeremy Jimenez,Dancer
Jennifer Wolf,Barista
Michael King,Barista
Kathy Arnold,Dancer
Mary Harris,Film editor
Kayla Myers,Barista
Joseph Wells,Nurse
Thomas Williams,Dancer
Heidi Clark,Banker
Jeffrey Mcgee,Film editor
Aaron Matthews,Nurse
Julie Anderson,Dancer
Tiffany Schneider,Pilot
Lori Rogers,Nurse
Jason Perkins,Software engineer
Paula Gonzalez,Barista
Gina Cook,Film editor
Tara Curry,Film editor
Amanda Bradford,Dancer
Edward Palmer,Designer
Jennifer Flores,Banker
Kayla Deleon,Nurse
Scott Olsen,Dancer
Christopher Duncan,Barista
Brittany Wood,Office manager
Megan Collins,Office manager
Ryan Jimenez,Dancer
Mariah Fleming MD,Banker
Rachel Ware,Film editor
Mary Brown,Dancer
Sally Goodwin,Barista
William Jimenez,Dancer
Teresa Jones,Office manager
Richard Cooper,Office manager
Victoria Hayden,Pilot
Yvette Robinson,Software engineer
Linda Simmons,Film editor
David Valdez,Teacher
Michael King,Barista
Mr. Dustin Christian MD,Film editor
Daniel White,Software engineer
Kenneth Cooper,Software engineer
Shannon Davis,Software engineer
Mark Contreras,Office manager
Juan Peterson,Software engineer
Edward Lowe,Software engineer
Kenneth Houston,Teacher
Megan Carroll,Banker
Randall Hansen,Teacher
Robert Ponce,Banker
James Scott,Film editor
Karen Kim,Teacher
Jason Wright,Office manager
Elijah Austin,Nurse
Tina Werner,Barista
Lisa Burch,Designer
Christopher Thomas,Office manager
Russell Johns,Nurse
Susan Spence,Teacher
Daniel Jackson,Office manager
Edward Baker,Film editor
Jeffrey Miller DDS,Nurse
Leslie Miller,Barista
Nicole Jones,Office manager
Matthew Flores,Nurse
Adam Higgins,Dancer
Terri Hernandez,Dancer
Sonya Merritt,Designer
John Moore,Office manager
Matthew Mcneil,Dancer
Ms. Diane Wilson,Dancer
Michelle Goodwin,Designer
Mark Gonzalez,Designer
Joshua Hayes,Film editor
Thomas Scott,Pilot
Eric Barr,Film editor
Robert Hughes DDS,Software engineer
Tara Pruitt,Designer
Kevin Perkins,Banker
Catherine Lane,Designer
Mary Bryan,Film editor
Amy Young,Teacher
Christopher Duran,Film editor
Michael Choi,Film editor
Sean Mclean,Banker
Trevor Hickman,Film editor
Kirk Stephens,Designer
Christine Gomez,Film editor
Timothy Young,Designer
Jacob Smith,Film editor
Candice Galvan,Designer
Courtney Peters,Barista
Cindy Kelly,Nurse
Diana Anderson,Banker
Linda Anderson,Barista
Eric Nunez,Software engineer
Benjamin Flynn,Barista
Shirley Taylor,Software engineer
Kimberly Lowery,Dancer
Darren Mendoza,Film editor
Connor Roy IV,Designer
Aaron Harris,Barista
Sergio Smith,Office manager
Matthew Clark,Designer
David Rojas,Film editor
Jason Townsend,Film editor
Erin Stephens,Office manager
Amy Wilson,Film editor
Monica Wilson,Film editor
Rachael Perez,Software engineer
Michelle Scott,Film editor
Jacob Mathews,Barista
Gregory Hayden,Banker
Kelly Taylor,Teacher
Emma Simmons,Nurse
Andrew Lopez,Pilot
Nancy Mcintyre,Film editor
Monica Wilkinson,Banker
Christine Moody,Teacher
Pedro Serrano,Barista
James Harmon,Teacher
Caleb Larsen,Nurse
Donald Jensen,Software engineer
Darrell Evans,Nurse
Wendy Dyer,Barista
Heather Stone,Software engineer
Paul Taylor,Nurse
Michelle Ramsey,Teacher
Alexis Brown,Software engineer
Derrick Scott,Banker
Nicholas Floyd,Dancer
Shannon Morrow,Software engineer
Shawn Mcguire,Film editor
Evan Waters,Software engineer
Duane Wagner,Dancer
Patricia Romero,Pilot
Manuel Hill,Software engineer
Michael Gillespie,Pilot
Kimberly Delgado,Film editor
Dale Casey,Film editor
Roy Reed,Banker
Mary Kelly,Software engineer
Maria Wright,Nurse
Joanna Fuentes,Software engineer
Bethany Benton,Banker
Gregg Williams,Barista
Geoffrey Ryan,Film editor
Jeffrey Olson,Software engineer
Nicole Gilmore,Nurse
Jose Walker,Barista
Ariel Jordan,Film editor
Matthew Ray,Dancer
Gloria Hansen,Designer
Amber Jackson,Software engineer
George Rodriguez,Pilot
Brian Garcia,Pilot
Amy Davis,Teacher
Ms. Victoria Contreras MD,Pilot
Michael West,Barista
Douglas Ayala,Designer
Miss Michelle Stark,Banker
Rebecca Hanna,Barista
Kaitlyn Bowers,Film editor
Melissa Griffin DVM,Software engineer
Paul Downs,Designer
Brad Gregory,Designer
David Wood,Software engineer
Lisa Rogers,Office manager
David Greene,Pilot
Eddie Thompson,Banker
Brittany Delgado,Teacher
Raymond Collins,Designer
Tyler Mitchell,Designer
Cheryl Patel,Designer
Preston Garcia,Teacher
Melinda Oliver,Banker
James Armstrong,Designer
Rita Melton,Barista
Roberto Olson,Software engineer
Scott Rodgers,Office manager
Manuel Walker,Nurse
Elizabeth Smith,Dancer
Samuel Gonzalez,Film editor
Scott Wilson,Designer
Natalie Garcia,Barista
Steven Nguyen,Nurse
Drew Smith,Nurse
Michael Barker,Office manager
Devin Williams,Banker
Charles King,Barista
Russell Willis,Film editor
Benjamin Shaw,Film editor
Connor Baker,Office manager
Karina Collins,Film editor
Anna Mcintosh,Nurse
Eric Williams,Nurse
Joseph King,Software engineer
Tonya Ross,Nurse
Oscar Gibbs,Office manager
Joyce Cox,Film editor
Natalie Mora,Dancer
Rachel Phillips,Nurse
Catherine Odonnell,Film editor
Carolyn Oneal,Office manager
Kimberly Turner,Nurse
Kevin Tran,Teacher
Lance Freeman,Nurse
Cameron Hall,Designer
Jordan Johnson,Dancer
Debra Fisher,Office manager
Michele Gallagher,Designer
Heather Mcmillan,Designer
Carol Martinez,Banker
Max Ibarra,Barista
Julie Gray,Software engineer
Kyle Yoder,Dancer
Jeffrey Wagner,Teacher
Roberto Reyes,Teacher
Mr. Kyle Kline,Banker
Samantha Espinoza,Banker
Robert Wilcox,Office manager
Brian Burns,Office manager
William Franklin,Barista
Arthur Rice,Office manager
Bryan Montoya,Nurse
Derek Martinez,Banker
Andrew Walker,Software engineer
Nicholas West,Dancer
Heidi Contreras,Film editor
Kayla Armstrong,Teacher
Elizabeth Singleton,Office manager
Carmen Miller,Dancer
George Sullivan,Dancer
Marc Strickland,Software engineer
Beth Kelly,Designer
James Wallace,Software engineer
Melanie Stewart,Film editor
Allison George,Banker
Lauren Valdez,Teacher
Shannon Bishop MD,Nurse
Laura Rice,Banker
Courtney Chung,Dancer
Karen Ford,Dancer
Terry Obrien,Office manager
Matthew Davila,Banker
Jacob Snyder,Teacher
Brandy Robinson,Film editor
Adam Lawrence,Nurse
Chad Martinez,Office manager
Anna Mcbride,Pilot
Joseph Page,Software engineer
Matthew Hopkins,Nurse
John Mcconnell,Designer
Melanie Perry,Teacher
Cynthia Howard,Nurse
Brenda Young,Banker
Justin Pierce,Nurse
Melissa Brown,Office manager
Patricia Rowland,Dancer
Anthony Nguyen,Office manager
Rickey Abbott,Teacher
Colleen Pearson,Barista
Stacey Rodriguez,Nurse
Dawn Jennings,Designer
Mason Elliott,Barista
Eddie Henderson,Banker
Juan Martin,Film editor
David Reyes,Banker
Crystal Thomas,Software engineer
Richard Gonzalez,Banker
Joshua Vaughn,Software engineer
Matthew Richards,Software engineer
Sherry Harvey,Dancer
Kristi Mejia,Pilot
Lisa Jordan,Banker
Sharon Moore,Dancer
Brittney Hall,Teacher
Christopher Harris,Nurse
Tiffany Paul,Nurse
Shawn Mayer,Dancer
Scott Allen,Teacher
Sara Peterson,Dancer
Kenneth Ward,Banker
Anthony Gutierrez,Pilot
Mike Lang,Office manager
Sandra Williams,Nurse
Troy Knox,Dancer
Cynthia Barnett,Office manager
Carol Johnson,Pilot
Erika Sanders,Teacher
Stephanie Price,Designer